tree_id,lat,lon,row,col,block
0001,31.53259934462913,35.09990042975606,1,1,Block-01
0002,31.532671192488444,35.100669499828,1,2,Block-01
0003,31.532755402517438,35.10128426641831,1,3,Block-01
0004,31.532539812274774,35.10207321633169,1,4,Block-01
0005,31.532589655759235,35.103095881310914,1,5,Block-01
0006,31.532597893002915,35.10384760448638,1,6,Block-01
0007,31.532416566208237,35.10461411815993,1,7,Block-01
0008,31.532512933447876,35.10557043738118,1,8,Block-01
0009,31.53268513751134,35.10629113755039,1,9,Block-01
0010,31.5325944459236,35.10705883477833,1,10,Block-01
0011,31.533463157455557,35.09976693734403,2,1,Block-01
0012,31.533352252284594,35.10058898181279,2,2,Block-01
0013,31.533341876607103,35.10134294341592,2,3,Block-01
0014,31.533372795963942,35.102130071898195,2,4,Block-01
0015,31.53347356746745,35.10284677571196,2,5,Block-01
0016,31.533479061964346,35.103739945618855,2,6,Block-01
0017,31.533347589764254,35.10447031867439,2,7,Block-01
0018,31.53338615275659,35.10537622449511,2,8,Block-01
0019,31.53341837975973,35.10614875766759,2,9,Block-01
0020,31.533409000593213,35.10717469041646,2,10,Block-01
0021,31.534239263970665,35.09974492575643,3,1,Block-01
0022,31.534291498521142,35.10058763509114,3,2,Block-01
0023,31.534257011948934,35.101458823753184,3,3,Block-01
0024,31.53416245769119,35.10201469240024,3,4,Block-01
0025,31.534166625252166,35.10305293972068,3,5,Block-01
0026,31.534163509400972,35.10384214105423,3,6,Block-01
0027,31.53429403587568,35.10454776511216,3,7,Block-01
0028,31.53431820976824,35.105555693228325,3,8,Block-01
0029,31.53430358841064,35.1063118844327,3,9,Block-01
0030,31.534305292458985,35.10721643574981,3,10,Block-01
0031,31.535017842646845,35.099800200071954,4,1,Block-01
0032,31.5350578983013,35.10051281326861,4,2,Block-01
0033,31.534850895030573,35.10131532723463,4,3,Block-01
0034,31.535035766273612,35.10224541312071,4,4,Block-01
0035,31.534852509563045,35.10281918748398,4,5,Block-01
0036,31.53496965034468,35.10378194657446,4,6,Block-01
0037,31.534995276720032,35.104664450794886,4,7,Block-01
0038,31.53511796808111,35.105422166057274,4,8,Block-01
0039,31.535058817731546,35.10609486063749,4,9,Block-01
0040,31.53488707443061,35.107022678880114,4,10,Block-01
0041,31.535863807657865,35.09986971937177,5,1,Block-01
0042,31.535856903231146,35.100675280676064,5,2,Block-01
0043,31.53587774349088,35.10123179020507,5,3,Block-01
0044,31.53572952008618,35.10224369533527,5,4,Block-01
0045,31.535857280508644,35.10285483912869,5,5,Block-01
0046,31.53591261389119,35.10375787213531,5,6,Block-01
0047,31.53577768722406,35.104626286589905,5,7,Block-01
0048,31.535871964982274,35.10526242076864,5,8,Block-01
0049,31.53589503160739,35.1062074201729,5,9,Block-01
0050,31.535726001904486,35.10697357377841,5,10,Block-01
0051,31.536390159518536,35.09973782862164,6,1,Block-02
0052,31.536617463326497,35.10053193115438,6,2,Block-02
0053,31.536568510765285,35.10138591081272,6,3,Block-02
0054,31.53660464456569,35.102297981119875,6,4,Block-02
0055,31.536597610005128,35.10297504307815,6,5,Block-02
0056,31.53665170994138,35.10399935523781,6,6,Block-02
0057,31.53656709622315,35.10464923525627,6,7,Block-02
0058,31.536448578724798,35.10552916741156,6,8,Block-02
0059,31.53666330081655,35.10632794876813,6,9,Block-02
0060,31.536594330215387,35.10689988970585,6,10,Block-02
0061,31.537485065495563,35.09987233921679,7,1,Block-02
0062,31.537316764265825,35.100458598229636,7,2,Block-02
0063,31.537443116682923,35.101383546368574,7,3,Block-02
0064,31.53765076792546,35.10214103234057,7,4,Block-02
0065,31.537349258021734,35.102989366630865,7,5,Block-02
0066,31.53724015450427,35.10371464764522,7,6,Block-02
0067,31.537557858819284,35.10458738776744,7,7,Block-02
0068,31.537341594696535,35.10527789779278,7,8,Block-02
0069,31.53745572638027,35.10626319657414,7,9,Block-02
0070,31.537424619618882,35.10696263667632,7,10,Block-02
0071,31.53822933164921,35.09983663256125,8,1,Block-02
0072,31.538134635072616,35.10065974392079,8,2,Block-02
0073,31.537996925799987,35.101276253533456,8,3,Block-02
0074,31.538170823949287,35.10218958408726,8,4,Block-02
0075,31.538088229560312,35.10303155730942,8,5,Block-02
0076,31.53830133815029,35.10384330074697,8,6,Block-02
0077,31.538221554805265,35.10467951086385,8,7,Block-02
0078,31.53823882692569,35.10529033114841,8,8,Block-02
0079,31.538180553909413,35.106323967461776,8,9,Block-02
0080,31.538090801399775,35.107005980499814,8,10,Block-02
0081,31.538962644110946,35.09971379097271,9,1,Block-02
0082,31.538902893296804,35.10060969803268,9,2,Block-02
0083,31.539030273577623,35.10142966580779,9,3,Block-02
0084,31.538861179759806,35.10217228087324,9,4,Block-02
0085,31.53903318906189,35.10309089354007,9,5,Block-02
0086,31.53906456077959,35.10387983551819,9,6,Block-02
0087,31.539105325127878,35.10467909649867,9,7,Block-02
0088,31.538921740472798,35.10540557191633,9,8,Block-02
0089,31.538931538695966,35.105971378444714,9,9,Block-02
0090,31.538838634629183,35.10720053617436,9,10,Block-02
0091,31.53969273963846,35.099584758061894,10,1,Block-02
0092,31.5397438544124,35.100745948005915,10,2,Block-02
0093,31.53979568405976,35.101439175997,10,3,Block-02
0094,31.539774049560293,35.10219201001356,10,4,Block-02
0095,31.53992159819161,35.10307641521886,10,5,Block-02
0096,31.539791719850353,35.103885595517205,10,6,Block-02
0097,31.53990314881885,35.104578960061936,10,7,Block-02
0098,31.539825918407544,35.10542439594909,10,8,Block-02
0099,31.539735843564394,35.106310484418785,10,9,Block-02
0100,31.539783963041387,35.106940530943746,10,10,Block-02
